{"cameraMode":{"drawMode":0,"name":"Shaded","section":"Shading Mode"},"sceneLighting":true,"audioPlay":false,"sceneViewState":{"m_AlwaysRefresh":false,"showFog":true,"showSkybox":true,"showFlares":true,"showImageEffects":true,"showParticleSystems":true,"showVisualEffectGraphs":true,"m_FxEnabled":true},"in2DMode":false,"pivot":{"x":-0.8880773782730103,"y":-1.0200549364089966,"z":-9.358551025390625},"rotation":{"x":0.04062186926603317,"y":0.8379194736480713,"z":-0.5406339764595032,"w":0.06296331435441971},"size":0.8660253882408142,"orthographic":false}